{
    "h": 6.62607015e-34,
    "k_B": 1.380649e-23,
    "c": 2.99792458e8,
    "N_a": 6.02214179e+23,
    "R": 8.31446261815324
}