{
    "h": 6.62607015e-34,
    "k_B": 1.380649e-23,
    "c": 299792458,
    "N_a": 6.02214179e+23
}