{
    "h": 6.62607015e-34,
    "k_B": 1.380649e-23,
    "c": 299792458
}