{
    "N2": {
        "m": 28.013404,
        "B_n": [
            1.9982,
            1.4546,
            1.6374,
            1.47,
            1.4733,
            1.4799,
            1.6169,
            1.498,
            0.921,
            0.928,
            1.8247
        ],
        "D_n": [
            5.76e6,
            6.15e6,
            5.9e6,
            0,
            5.56e6,
            5.55e6,
            5.89e6,
            5.89e6,
            0,
            0,
            5e6,
            0
        ],
        "alpha_n": [
            1.732e2,
            1.8e2,
            1.791e2,
            1.71e2,
            1.6666e2,
            1.657e2,
            1.793e2,
            1.66e2,
            0,
            1.61e2,
            1.868e2
        ],
        "beta_n": [
            0,
            0,
            0,
            0,
            0,
            0,
            0,
            0,
            0,
            0,
            0
        ],
        "omega_n": [
            2358.57,
            1460.64,
            1733.39,
            1501.4,
            1516.88,
            1530.25,
            1694.2,
            1559.26,
            667.0,
            742.49,
            2047.18
        ],
        "omega_ex_n": [
            14.32,
            13.87,
            14.112,
            11.6,
            12.18,
            12.07,
            13.949,
            11.63,
            0,
            11.85,
            28.445
        ],
        "omega_ey_n": [
            -0.00226,
            0.0103,
            -0.0569,
            0,
            0.04186,
            0.04129,
            0.007935,
            0,
            0,
            0,
            -535.0
        ],
        "omega_ez_n": [
            -0.00024,
            -0.00197
        ],
        "eps_el_n": [
            0,
            5.020360e4,
            5.961935e4,
            5.980800e4,
            6.627240e4
        ]
    },
    "N": {
        "m": 14.007,
        "eps_el_n": [
            0,
            1.92279e4,
            2.88392e4,
            8.3335e4,
            8.6192e4,
            8.81324e4,
            9.3581e4,
            9.4837e4,
            9.5509e4,
            9.6750e4
        ]
    },
    "O2": {
        "m": 31.998806,
        "B_n": [
            1.4377,
            1.4264,
            1.40037,
            0.9155,
            0.96,
            0.9106,
            0.53,
            0.819,
            0.49,
            0.7117,
            0.5706
        ],
        "alpha_n": [
            15.993e2,
            1.71e2,
            1.82e2,
            1.391e2,
            2.6e2,
            1.41e2,
            0,
            1.206e2,
            0,
            0,
            0
        ],
        "D_n": [
            4.839e6,
            4.86e6,
            5.351e6,
            7.4e6,
            5.0e6,
            4.7e6,
            4.55e6,
            3.33e6,
            50.6e6,
            32.5e6
        ],
        "omega_n": [
            1580.19,
            1483.5,
            1432.77,
            794.29,
            850,
            799.07,
            200,
            709.31,
            537,
            200,
            200
        ],
        "omega_ex_n": [
            11.98,
            12.9,
            14,
            12.736,
            20,
            12.16,
            0.65,
            13.73,
            0,
            0
        ],
        "omega_ey_n": [
            0.04747,
            0,
            0,
            -0.2444,
            0,
            0,
            -0.55,
            0,
            -0.139,
            0,
            0,
            0,
            0
        ]
    }
}