{
    "N2": {
        "M": 28.013404,
        "sigma": 2,
        "B_n": [
            1.9982,
            1.4546,
            1.6374,
            1.47,
            1.4733,
            1.4799,
            1.6169,
            1.498,
            0.921,
            0.928,
            1.8247
        ],
        "D_n": [
            5.76e-6,
            6.15e-6,
            5.9e-6,
            0,
            5.56e-6,
            5.55e-6,
            5.89e-6,
            5.89e-6,
            0,
            0,
            5e-6,
            0
        ],
        "alpha_n": [
            1.732e-2,
            1.8e-2,
            1.791e-2,
            1.71e-2,
            1.6666e-2,
            1.657e-2,
            1.793e-2,
            1.66e-2,
            0,
            1.61e-2,
            1.868e-2
        ],
        "beta_n": [
            0,
            0,
            0,
            0,
            0,
            0,
            0,
            0,
            0,
            0,
            0
        ],
        "omega_n": [
            2358.57,
            1460.64,
            1733.39,
            1501.4,
            1516.88,
            1530.25,
            1694.2,
            1559.26,
            667.0,
            742.49,
            2047.18
        ],
        "omega_ex_n": [
            14.32,
            13.87,
            14.112,
            11.6,
            12.18,
            12.07,
            13.949,
            11.63,
            0,
            11.85,
            28.445
        ],
        "omega_ey_n": [
            -0.00226,
            0.0103,
            -0.0569,
            0,
            0.04186,
            0.04129,
            0.007935,
            0,
            0,
            0,
            -2.08833
        ],
        "omega_ez_n": [
            -0.00024,
            -0.00197,
            0.00361,
            0,
            -0.00732,
            -0.0029,
            0.00291,
            0,
            0,
            0,
            -0.0535
        ],
        "eps_el_n": [
            0.0,
            5.0203599061132245e4,
            5.96193488850464e4,
            5.980799888151842e4,
            6.627239876062634e4,
            6.815269872546248e4,
            6.928305870432339e4,
            7.209699865169933e4,
            7.64359985705548e4,
            8.78999983561642e4,
            8.913599833304952e4
        ],
        "E_diss": [
            7.871423439325773e4,
            7.989792856817394e4,
            9.910934822946928e4,
            9.910899822907892e4,
            10.87243980558768e4,
            11.833369789240308e4,
            11.833405789002322e4,
            11.833399788411462e4,
            7.988399851331423e4,
            9.910899817008255e4,
            9.910799816750343e4
        ],
        "g_n": [
            1,
            3,
            6,
            6,
            3,
            1,
            2,
            2,
            5,
            6,
            6
        ]
    },
    "N": {
        "M": 14.007,
        "sigma": 1,
        "eps_el_n": [
            0,
            1.92279e4,
            2.88392e4,
            8.3335e4,
            8.6192e4,
            8.81324e4,
            9.3581e4,
            9.4837e4,
            9.5509e4,
            9.6750e4,
            9.6833e4,
            9.7793e4,
            9.9663e4,
            10.3693e4,
            10.4195e4,
            10.4628e4,
            10.4719e4,
            10.4846e4,
            10.4850e4,
            10.5006e4,
            10.5133e4,
            10.6477e4,
            10.6792e4,
            10.7013e4,
            10.7224e4
        ],
        "g_n": [
            4,
            10,
            6,
            12,
            6,
            12,
            2,
            20,
            12,
            4,
            10,
            12,
            6,
            6,
            28,
            12,
            14,
            20,
            10,
            2,
            20,
            12,
            10
        ]
    },
    "O2": {
        "M": 31.998806,
        "sigma": 2,
        "B_n": [
            1.4377,
            1.4264,
            1.40037,
            0.9155,
            0.96,
            0.9106,
            0.53,
            0.819,
            0.49,
            0.7117,
            0.5706
        ],
        "alpha_n": [
            15.993e-2,
            1.71e-2,
            1.82e-2,
            1.391e-2,
            2.6e-2,
            1.41e-2,
            0,
            1.206e-2,
            0,
            0,
            0
        ],
        "D_n": [
            4.839e-6,
            4.86e-6,
            5.351e-6,
            7.4e-6,
            5.0e-6,
            4.7e-6,
            4.55e-6,
            3.33e-6,
            50.6e-6,
            32.5e-6
        ],
        "omega_n": [
            1580.19,
            1483.5,
            1432.77,
            794.29,
            850,
            799.07,
            200,
            709.31,
            537,
            200,
            200
        ],
        "omega_ex_n": [
            11.98,
            12.9,
            14,
            12.736,
            20,
            12.16,
            0.65,
            13.73,
            0,
            0
        ],
        "omega_ey_n": [
            0.04747,
            0,
            0,
            -0.2444,
            0,
            0,
            -0.55,
            0,
            -0.139,
            0,
            0,
            0,
            0
        ]
    }
}