{
    "N2": {
        "m": 28.0134,
        "B_n": [
            1.9982,
            1.4546,
            1.6374,
            1.47,
            1.4733,
            1.4799,
            1.6169,
            1.498,
            0.921,
            0.928,
            1.8247
        ],
        "D_n": [
            5760000,
            6150000,
            5900000,
            0,
            5560000,
            5550000,
            5890000,
            5890000,
            0,
            0,
            5000000,
            0
        ],
        "alpha_n": [
            17.32,
            18,
            17.91,
            17.1,
            16.666,
            16.57,
            17.93,
            16.6,
            0,
            16.1,
            18.68
        ],
        "omega_n": [
            2358.57,
            1460.64,
            1733.39,
            1501.4,
            1516.88,
            1530.25,
            1694.2,
            1559.26,
            667.0,
            742.49,
            2047.18
        ],
        "omega_ex_n": [
            14.32,
            13.87,
            14.112,
            11.6,
            12.18,
            12.07,
            13.949,
            11.63,
            0,
            11.85,
            28.445
        ],
        "omega_ey_n": [
            -0.00226,
            0.0103,
            -0.0569,
            0,
            0.04186,
            0.04129,
            0.007935,
            0,
            0,
            0,
            -535.0
        ],
        "omega_ez_n": [
            -0.00024,
            -0.00197
        ],
        "eps_el_n": [
            0,
            5.020360e4,
            5.961935e4,
            5.980800e4,
            6.627240e4
        ]
    },
    "N": {
        "m": 14.007,
        "eps_el_n": [
            0,
            19227.9,
            28839.2,
            83335,
            86192,
            88132.4,
            93581,
            94837,
            95509,
            96750
        ]
    },
    "O2": {
        "m": 16.0,
        "B_e": 1.4377,
        "alpha_e": 15.9,
        "D_c": 4.126,
        "omega_e": 1580.19,
        "omega_ex_e": 11.98
    }
}